batch,cell,policy,cycle_life,n_cycles,qd_first,qd_end,n_spike_early,slowcycle,spike_late,status
b1,b1_c00,3.6C(80%)-3.6C,1190.0,1189,1.0706892,1.0264986,1,False,False,CENSORED
b1,b1_c01,3.6C(80%)-3.6C,1179.0,1178,1.0753012,1.0386999,0,False,False,CENSORED
b1,b1_c02,3.6C(80%)-3.6C,1177.0,1176,1.0799223,1.0435855,0,False,False,CENSORED
b1,b1_c03,4C(80%)-4C,1226.0,1225,1.0797229,0.97135609,0,False,False,CENSORED
b1,b1_c04,4C(80%)-4C,1227.0,1226,1.0784167,1.0218652,0,False,False,CENSORED
b1,b1_c05,4.4C(80%)-4.4C,1074.0,1073,1.0761266,0.88211918,0,False,False,OK
b1,b1_c06,4.8C(80%)-4.8C,636.0,635,1.0758358,0.88318712,0,False,False,OK
b1,b1_c07,4.8C(80%)-4.8C,870.0,869,1.0938644,0.88331425,0,False,False,OK
b1,b1_c08,5.4C(40%)-3.6C,879.0,878,1.0899748,0.97036517,0,False,False,CENSORED
b1,b1_c09,5.4C(40%)-3.6C,1054.0,1053,1.0829742,0.88301873,0,False,False,OK
b1,b1_c10,5.4C(50%)-3C,906.0,905,1.0752757,0.96233863,0,False,False,CENSORED
b1,b1_c11,5.4C(50%)-3C,788.0,787,1.0537786,0.88279974,0,False,False,OK
b1,b1_c12,5.4C(50%)-3.6C,902.0,901,1.077566,0.91504902,0,False,False,CENSORED
b1,b1_c13,5.4C(50%)-3.6C,897.0,896,1.0797893,0.92505032,0,False,False,CENSORED
b1,b1_c14,5.4C(60%)-3C,880.0,879,1.0709661,0.88180178,0,False,False,OK
b1,b1_c15,5.4C(60%)-3C,719.0,718,1.0611236,0.88477296,0,False,False,OK
b1,b1_c16,5.4C(60%)-3.6C,862.0,861,1.0811664,0.88322765,0,False,False,OK
b1,b1_c17,5.4C(60%)-3.6C,857.0,856,1.072052,0.88526237,0,False,False,OK
b1,b1_c18,5.4C(70%)-3C,691.0,690,1.0661705,0.88114411,1,False,False,OK
b1,b1_c19,5.4C(70%)-3C,788.0,787,1.0851147,0.88285458,0,False,False,OK
b1,b1_c20,5.4C(80%)-5.4C,534.0,533,1.07263,0.8835839,0,False,False,OK
b1,b1_c21,5.4C(80%)-5.4C,559.0,558,1.0824388,0.88354057,0,False,False,OK
b1,b1_c22,6C(30%)-3.6C,891.0,890,1.0793039,0.96527904,0,False,False,CENSORED
b1,b1_c23,6C(30%)-3.6C,1014.0,1013,1.0792934,0.88271523,0,False,False,OK
b1,b1_c24,6C(40%)-3C,1017.0,1016,1.0745355,0.8824448,0,False,False,OK
b1,b1_c25,6C(40%)-3C,854.0,853,1.0752345,0.88227195,0,False,False,OK
b1,b1_c26,6C(40%)-3.6C,870.0,869,1.0876514,0.88326401,0,False,False,OK
b1,b1_c27,6C(40%)-3.6C,842.0,841,1.0790461,0.88386416,0,False,False,OK
b1,b1_c28,6C(50%)-3C,860.0,859,1.0777475,0.88156462,0,False,False,OK
b1,b1_c29,6C(50%)-3C,917.0,916,1.0794537,0.88220429,0,False,False,OK
b1,b1_c30,6C(50%)-3.6C,709.0,708,1.0798637,0.8831026,0,False,False,OK
b1,b1_c31,6C(50%)-3.6C,876.0,875,1.0946392,0.88354266,0,False,False,OK
b1,b1_c32,6C(60%)-3C,731.0,730,1.0778366,0.8819775,0,False,False,OK
b1,b1_c33,6C(60%)-3C,757.0,756,1.0924908,0.88161159,0,False,False,OK
b1,b1_c34,7C(30%)-3.6C,742.0,741,1.0766174,0.88537508,0,False,False,OK
b1,b1_c35,7C(30%)-3.6C,703.0,702,1.0707464,0.88277978,0,False,False,OK
b1,b1_c36,7C(40%)-3C,704.0,703,1.0778315,0.88461167,0,False,False,OK
b1,b1_c37,7C(40%)-3C,648.0,647,1.0748194,0.88594258,0,False,False,OK
b1,b1_c38,7C(40%)-3.6C,617.0,616,1.0729513,0.88268411,0,False,False,OK
b1,b1_c39,7C(40%)-3.6C,625.0,624,1.0817773,0.88267356,0,False,False,OK
b1,b1_c40,8C(15%)-3.6C,966.0,965,1.0833029,0.88241506,0,False,False,OK
b1,b1_c41,8C(15%)-3.6C,1051.0,1050,1.0789614,0.88390982,0,False,False,OK
b1,b1_c42,8C(25%)-3.6C,702.0,701,1.0798725,0.88216305,0,False,False,OK
b1,b1_c43,8C(25%)-3.6C,651.0,650,1.0682389,0.88287592,0,False,False,OK
b1,b1_c44,8C(35%)-3.6C,616.0,615,1.0847682,0.88282144,0,False,False,OK
b1,b1_c45,8C(35%)-3.6C,599.0,598,1.0839558,0.88317311,0,False,False,OK
b2,b2_c00,5.2C(58%)-4C,477.0,496,1.1000807,0.83334714,0,False,False,OK
b2,b2_c01,5.6C(26%)-4.5C,491.0,513,1.1072116,0.83282876,0,False,False,OK
b2,b2_c02,5.2C(50%)-4.25C,424.0,439,1.0739638,0.83253539,0,False,False,OK
b2,b2_c03,4.65C(44%)-5C,499.0,517,1.0961863,0.83514154,0,False,False,OK
b2,b2_c04,4.65C(69%)-6C,444.0,464,1.0891641,0.8305884,0,False,False,OK
b2,b2_c05,3.6C(30%)-6C,416.0,445,1.0967227,0.8263551,0,False,False,OK
b2,b2_c06,3.6C(9%)-5C,393.0,409,1.0867316,0.83794844,0,False,False,OK
b2,b2_c07,4.8C(80%)-4.8C-newstructure,777.0,806,1.0877842,0.83149916,0,False,False,OK
b2,b2_c08,5.2C(58%)-4C-newstructure,904.0,947,1.0904844,0.82913011,0,False,False,OK
b2,b2_c09,5.6C(26%)-4.5C-newstructure,791.0,819,1.095485,0.83250105,0,False,False,OK
b2,b2_c10,4.8C(80%)-4.8C,492.0,519,1.1081897,0.83042371,0,False,False,OK
b2,b2_c11,5.2C(50%)-4.25C,449.0,468,1.0964632,0.83201712,0,False,False,OK
b2,b2_c12,4.65C(44%)-5C,466.0,493,1.1009463,0.82764262,0,False,False,OK
b2,b2_c13,4.65C(69%)-6C,460.0,483,1.0958186,0.83100778,0,False,False,OK
b2,b2_c14,3.6C(30%)-6C,426.0,461,1.0838536,0.82829893,0,False,False,OK
b2,b2_c15,3.6C(9%)-5C,396.0,414,1.0686641,0.83122098,0,False,False,OK
b2,b2_c16,4.8C(80%)-4.8C,472.0,499,1.0956542,0.83053106,0,False,False,OK
b2,b2_c17,5.6C(26%)-4.5C,471.0,494,1.0892786,0.83037257,0,False,False,OK
b2,b2_c18,5.2C(50%)-4.25C,449.0,467,1.075542,0.8332963,0,False,False,OK
b2,b2_c19,6C(60%)-3C,392.0,411,1.0912853,0.83240563,0,False,False,OK
b2,b2_c20,5.2C(58%)-4C,489.0,506,1.0973283,0.83594912,0,False,False,OK
b2,b2_c21,6C(60%)-3C,408.0,426,1.09855,0.83233672,0,False,False,OK
b2,b2_c22,VarCharge-2C-100cycles,,920,1.0906003,1.0556053,1,False,False,NO_LABEL
b2,b2_c23,VarCharge-4C-100cycles,,1152,1.0891813,0.97824305,1,False,True,NO_LABEL
b2,b2_c24,4.8C(80%)-4.8C,514.0,536,1.0920496,0.83160603,0,False,False,OK
b2,b2_c25,5.2C(58%)-4C,493.0,511,1.0981549,0.83591986,0,False,False,OK
b2,b2_c26,5.6C(26%)-4.5C,450.0,476,1.1048244,0.82702196,0,False,False,OK
b2,b2_c27,5.2C(50%)-4.25C,474.0,493,1.0919615,0.83162057,0,False,False,OK
b2,b2_c28,4.8C(80%)-4.8C,437.0,456,1.0873438,0.8343333,0,False,False,OK
b2,b2_c29,5.2C(58%)-4C,452.0,470,1.1018348,0.82874656,0,False,False,OK
b2,b2_c30,5.6C(26%)-4.5C,412.0,429,1.0946058,0.83367395,0,False,False,OK
b2,b2_c31,5.6C(26%)-4.5C,425.0,446,1.0979669,0.82979596,0,False,False,OK
b2,b2_c32,4.8C(80%)-4.8C-newstructure,809.0,834,1.0884297,0.83060628,0,False,False,OK
b2,b2_c33,5.2C(58%)-4C-newstructure,1140.0,1190,1.0723264,0.82761937,0,False,False,OK
b2,b2_c34,5.6C(26%)-4.5C-newstructure,1186.0,1252,1.0663866,0.82763171,0,False,False,OK
b2,b2_c35,VarCharge-6C-100cycles,,423,1.0688332,0.88346595,1,False,False,NO_LABEL
b2,b2_c36,VarCharge-8C-100cycles,,280,1.0722554,0.8833425,1,False,False,NO_LABEL
b2,b2_c37,3.6C(80%)-3.6C(SLOWCYCLE,,101,1.0828245,1.0849366,1,True,True,NO_LABEL
b2,b2_c38,4.8C(80%)-4.8C(SLOWCYCLE,,101,1.083521,1.0823163,1,True,True,NO_LABEL
b2,b2_c39,3.6C(9%)-5C(SLOWCYCLE,,434,1.0710551,0.88493532,1,True,False,NO_LABEL
b2,b2_c40,5.2C(58%)-4C(SLOWCYCLE,,459,1.0828723,0.88395143,1,True,False,NO_LABEL
b2,b2_c41,5.6C(26%)-4.5C,442.0,463,1.1043886,0.83210248,0,False,False,OK
b2,b2_c42,5.2C(50%)-4.25C,474.0,497,1.1026245,0.83053553,0,False,False,OK
b2,b2_c43,4.8C(80%)-4.8C-newstructure,1029.0,1061,1.097247,0.83006835,0,False,False,OK
b2,b2_c44,5.2C(58%)-4C-newstructure,841.0,874,1.0977726,0.828767,0,False,False,OK
b2,b2_c45,5.6C(26%)-4.5C-newstructure,997.0,1027,1.1032015,0.83153808,0,False,False,OK
b2,b2_c46,4.8C(80%)-4.8C,503.0,523,1.0992969,0.83298075,0,False,False,OK
b3,b3_c00,5C(67%)-4C-newstructure,1009.0,1008,1.0665728,0.88247329,0,False,False,OK
b3,b3_c01,5.3C(54%)-4C-newstructure,1063.0,1062,1.0642239,0.88175124,0,False,False,OK
b3,b3_c02,5.6C(19%)-4.6C-newstructure,1267.0,1266,1.0600004,0.88083059,0,False,False,OK
b3,b3_c03,5.6C(36%)-4.3C-newstructure,1115.0,1114,1.0622736,0.88176334,0,False,False,OK
b3,b3_c04,5.6C(19%)-4.6C-newstructure,1048.0,1047,1.0717411,0.88112104,0,False,False,OK
b3,b3_c05,5.6C(36%)-4.3C-newstructure,828.0,827,1.0500579,0.8826533,0,False,False,OK
b3,b3_c06,3.7C(31%)-5.9C-newstructure,667.0,666,1.0620248,0.88151622,0,False,False,OK
b3,b3_c07,4.8C(80%)-4.8C-newstructure,1836.0,1835,1.0664694,0.88102299,0,False,False,OK
b3,b3_c08,5C(67%)-4C-newstructure,828.0,827,1.0636606,0.88365865,0,False,False,OK
b3,b3_c09,5.3C(54%)-4C-newstructure,1039.0,1038,1.0683683,0.88188958,0,False,False,OK
b3,b3_c10,4.8C(80%)-4.8C-newstructure,1078.0,1077,1.0608749,0.88169599,0,False,False,OK
b3,b3_c11,5.6C(19%)-4.6C-newstructure,817.0,816,1.0673251,0.88313174,0,False,False,OK
b3,b3_c12,5.6C(36%)-4.3C-newstructure,932.0,931,1.0731678,0.88276571,0,False,False,OK
b3,b3_c13,5.6C(19%)-4.6C-newstructure,816.0,815,1.0642039,0.88252878,0,False,False,OK
b3,b3_c14,5.6C(36%)-4.3C-newstructure,858.0,857,1.0716274,0.88313156,0,False,False,OK
b3,b3_c15,5.9C(15%)-4.6C-newstructure,876.0,875,1.0677625,0.88157988,0,False,False,OK
b3,b3_c16,4.8C(80%)-4.8C-newstructure,1638.0,1637,1.0605524,0.88079518,0,False,False,OK
b3,b3_c17,5.3C(54%)-4C-newstructure,1315.0,1314,1.0653081,0.8812601,0,False,False,OK
b3,b3_c18,5.6C(19%)-4.6C-newstructure,1146.0,1145,1.0674672,0.88076878,0,False,False,OK
b3,b3_c19,5.6C(36%)-4.3C-newstructure,1155.0,1154,1.0706265,0.88100916,0,False,False,OK
b3,b3_c20,5C(67%)-4C-newstructure,813.0,812,1.063777,0.88260895,0,False,False,OK
b3,b3_c21,3.7C(31%)-5.9C-newstructure,772.0,771,1.0678786,0.88257319,0,False,False,OK
b3,b3_c22,5.9C(60%)-3.1C-newstructure,1002.0,1001,1.0551282,0.88426059,0,False,False,OK
b3,b3_c23,4.8C(80%)-4.8C-newstructure,,2189,1.0650446,0.93748081,0,False,False,NO_LABEL
b3,b3_c24,5C(67%)-4C-newstructure,825.0,824,1.0451531,0.88292801,0,False,False,OK
b3,b3_c25,5.3C(54%)-4C-newstructure,989.0,988,1.0600799,0.8841275,0,False,False,OK
b3,b3_c26,5.6C(19%)-4.6C-newstructure,1028.0,1027,1.0709693,0.88165653,0,False,False,OK
b3,b3_c27,5.6C(36%)-4.3C-newstructure,850.0,849,1.0592589,0.88191897,0,False,False,OK
b3,b3_c28,3.7C(31%)-5.9C-newstructure,541.0,540,1.0512739,0.88175243,0,False,False,OK
b3,b3_c29,5.9C(15%)-4.6C-newstructure,858.0,857,1.0652004,0.8821013,0,False,False,OK
b3,b3_c30,5.3C(54%)-4C-newstructure,935.0,934,1.0674757,0.88269353,0,False,False,OK
b3,b3_c31,5.9C(60%)-3.1C-newstructure,731.0,730,1.0674968,0.88328296,0,False,False,OK
b3,b3_c32,4.8C(80%)-4.8C-newstructure,,2237,1.07156,0.97413599,0,False,False,NO_LABEL
b3,b3_c33,5C(67%)-4C-newstructure,1284.0,1283,1.0594152,0.8823657,0,False,False,OK
b3,b3_c34,5.3C(54%)-4C-newstructure,1158.0,1157,1.0602307,0.8816644,0,False,False,OK
b3,b3_c35,5.6C(19%)-4.6C-newstructure,1093.0,1092,1.0626153,0.88138103,0,False,False,OK
b3,b3_c36,5.6C(36%)-4.3C-newstructure,923.0,922,1.0573761,0.88379133,0,False,False,OK
b3,b3_c37,4.8C(80%)-4.8C-newstructure,1390.0,1389,1.0489386,0.88202643,0,False,False,OK
b3,b3_c38,5C(67%)-4C-newstructure,1935.0,1934,1.0691597,0.88092142,0,False,False,OK
b3,b3_c39,5.3C(54%)-4C-newstructure,1156.0,1155,1.0464231,0.88255972,0,False,False,OK
b3,b3_c40,5.6C(19%)-4.6C-newstructure,796.0,795,1.0581568,0.88294756,0,False,False,OK
b3,b3_c41,5.6C(36%)-4.3C-newstructure,786.0,785,1.0491925,0.88251382,0,False,False,OK
b3,b3_c42,4.8C(80%)-4.8C-newstructure,1642.0,1641,1.0657128,0.88136953,0,False,False,OK
b3,b3_c43,5C(67%)-4C-newstructure,1046.0,1045,1.0691668,0.8824718,0,False,False,OK
b3,b3_c44,5.3C(54%)-4C-newstructure,940.0,939,1.0686373,0.8833977,0,False,False,OK
b3,b3_c45,4.8C(80%)-4.8C-newstructure,1801.0,1800,1.0688018,0.88088334,0,False,False,OK
