모델,피처세트,피처수,Train_CV_MAPE,Valid_MAPE,Valid_과대예측비율,Gap_Train_Valid,최적파라미터
평균 예측,A,1,14.312746166834058,22.531605073686134,37.5,8.218858906852075,{}
선형 회귀,A,1,9.02571466192444,9.291929386907727,37.5,0.26621472498328735,{}
ElasticNet,B,3,10.019631800171922,11.273517168714678,37.5,1.2538853685427558,"{""alpha"": 0.01, ""l1_ratio"": 0.5}"
ElasticNet,C,12,5.995913419995006,9.465351367547784,37.5,3.4694379475527786,"{""alpha"": 0.01, ""l1_ratio"": 0.1}"
ElasticNet,D,8,12.407222498779728,20.309443498219892,37.5,7.902220999440164,"{""alpha"": 0.01, ""l1_ratio"": 0.9}"
랜덤포레스트,A,1,9.476296107931432,10.676493726200272,12.5,1.2001976182688399,"{""max_depth"": 2, ""min_samples_leaf"": 1, ""n_estimators"": 300}"
랜덤포레스트,B,3,9.843996848732791,11.035366722044532,37.5,1.191369873311741,"{""max_depth"": 2, ""min_samples_leaf"": 5, ""n_estimators"": 300}"
랜덤포레스트,C,12,10.216802678102725,12.58398752907459,37.5,2.3671848509718654,"{""max_depth"": 2, ""min_samples_leaf"": 5, ""n_estimators"": 300}"
그래디언트부스팅,A,1,9.094302593421117,10.322569481757672,25.0,1.2282668883365542,"{""learning_rate"": 0.03, ""max_depth"": 1, ""n_estimators"": 100}"
그래디언트부스팅,B,3,9.126056937407778,10.407921981123938,12.5,1.2818650437161594,"{""learning_rate"": 0.1, ""max_depth"": 1, ""n_estimators"": 100}"
그래디언트부스팅,C,12,9.380070436009964,10.95972120769089,12.5,1.5796507716809263,"{""learning_rate"": 0.1, ""max_depth"": 1, ""n_estimators"": 100}"
