구분,MAPE (%),비고
Train (Batch 1 CV),9.02571466192444,"Train 28셀, 정책 단위 GroupKFold 평균"
Valid (Batch 1 Hold-out),9.291929386907727,정책 단위 Hold-out 8셀
Test (Batch 2),28.5594717748004,Batch 1 전체로 재학습 후 1회 평가
Gap (Train-Valid),0.26621472498328735,(+) : 과적합 의심
Gap (Valid-Test),19.267542387892675,(+) : 배치간 일반화 저하 의심
Gap (Target-Test),19.4594717748004,Target : 원논문 9.1%
Test (Batch 3),12.81406536531964,추가 검증
Gap (Batch2-Batch3),15.74540640948076,Test 성능 간 비교
"Gap (Target-Test, Batch 3)",3.714065365319641,"Batch 3 기준, 원논문 성능 비교"
