batch,cell,policy,subgroup,status,cycle_life,min_life,pred,err_pct
b1,b1_c00,3.6C(80%)-3.6C,기존 방식,CENSORED,1190.0,1189.0,1790.875063320378,50.49370280003177
b1,b1_c01,3.6C(80%)-3.6C,기존 방식,CENSORED,1179.0,1178.0,1789.770486767368,51.804112533279735
b1,b1_c02,3.6C(80%)-3.6C,기존 방식,CENSORED,1177.0,1176.0,1480.715406720736,25.804197682305517
b1,b1_c03,4C(80%)-4C,기존 방식,CENSORED,1226.0,1225.0,1210.5029578563995,-1.2640328012724746
b1,b1_c04,4C(80%)-4C,기존 방식,CENSORED,1227.0,1226.0,1392.965661137495,13.52613375203709
b1,b1_c05,4.4C(80%)-4.4C,기존 방식,OK,1074.0,,1010.5808325651299,-5.90495041293018
b1,b1_c06,4.8C(80%)-4.8C,기존 방식,OK,636.0,,763.3072553952505,20.016864055857003
b1,b1_c07,4.8C(80%)-4.8C,기존 방식,OK,870.0,,786.9716333672534,-9.543490417557082
b1,b1_c08,5.4C(40%)-3.6C,기존 방식,CENSORED,879.0,878.0,894.8599040266629,1.8043121759570977
b1,b1_c09,5.4C(40%)-3.6C,기존 방식,OK,1054.0,,931.2185720426677,-11.649091836559043
b1,b1_c10,5.4C(50%)-3C,기존 방식,CENSORED,906.0,905.0,908.0500255609502,0.22627213697021956
b1,b1_c11,5.4C(50%)-3C,기존 방식,OK,788.0,,988.7002464553749,25.469574423270924
b1,b1_c12,5.4C(50%)-3.6C,기존 방식,CENSORED,902.0,901.0,974.1203458031432,7.995603747576853
b1,b1_c13,5.4C(50%)-3.6C,기존 방식,CENSORED,897.0,896.0,923.9953249069642,3.0095122527273404
b1,b1_c14,5.4C(60%)-3C,기존 방식,OK,880.0,,922.7713842019411,4.860384568402403
b1,b1_c15,5.4C(60%)-3C,기존 방식,OK,719.0,,905.1807046648702,25.89439564184564
b1,b1_c16,5.4C(60%)-3.6C,기존 방식,OK,862.0,,957.0848957614755,11.030730366760503
b1,b1_c17,5.4C(60%)-3.6C,기존 방식,OK,857.0,,876.0520556211791,2.223110340861036
b1,b1_c18,5.4C(70%)-3C,기존 방식,OK,691.0,,703.6993074983759,1.8378158463640957
b1,b1_c19,5.4C(70%)-3C,기존 방식,OK,788.0,,689.3155073028566,-12.5234127788253
b1,b1_c20,5.4C(80%)-5.4C,기존 방식,OK,534.0,,579.8458988515553,8.585374316770649
b1,b1_c21,5.4C(80%)-5.4C,기존 방식,OK,559.0,,573.1777068157767,2.536262399960049
b1,b1_c22,6C(30%)-3.6C,기존 방식,CENSORED,891.0,890.0,865.3308591295236,-2.8809361246325973
b1,b1_c23,6C(30%)-3.6C,기존 방식,OK,1014.0,,919.4450515850527,-9.324945603051999
b1,b1_c24,6C(40%)-3C,기존 방식,OK,1017.0,,857.3684870673462,-15.696313956013155
b1,b1_c25,6C(40%)-3C,기존 방식,OK,854.0,,911.3597581675367,6.71659931704177
b1,b1_c26,6C(40%)-3.6C,기존 방식,OK,870.0,,777.1941516568444,-10.667338890017888
b1,b1_c27,6C(40%)-3.6C,기존 방식,OK,842.0,,808.9348289060406,-3.9269799399001672
b1,b1_c28,6C(50%)-3C,기존 방식,OK,860.0,,803.9718851085548,-6.514897080400601
b1,b1_c29,6C(50%)-3C,기존 방식,OK,917.0,,800.4413709494575,-12.710864672905403
b1,b1_c30,6C(50%)-3.6C,기존 방식,OK,709.0,,750.7793646156068,5.892717153118029
b1,b1_c31,6C(50%)-3.6C,기존 방식,OK,876.0,,767.9473369702752,-12.334778884671785
b1,b1_c32,6C(60%)-3C,기존 방식,OK,731.0,,701.9593507565206,-3.9727290346757016
b1,b1_c33,6C(60%)-3C,기존 방식,OK,757.0,,711.9238086944881,-5.954582735206325
b1,b1_c34,7C(30%)-3.6C,기존 방식,OK,742.0,,806.1232024280714,8.64194102804197
b1,b1_c35,7C(30%)-3.6C,기존 방식,OK,703.0,,765.2573430128207,8.855952064412614
b1,b1_c36,7C(40%)-3C,기존 방식,OK,704.0,,713.115564206235,1.2948244611129311
b1,b1_c37,7C(40%)-3C,기존 방식,OK,648.0,,715.2847535034003,10.383449614722275
b1,b1_c38,7C(40%)-3.6C,기존 방식,OK,617.0,,606.5613063066609,-1.6918466277697135
b1,b1_c39,7C(40%)-3.6C,기존 방식,OK,625.0,,636.9768261998106,1.9162921919696965
b1,b1_c40,8C(15%)-3.6C,기존 방식,OK,966.0,,928.5639437251564,-3.8753681443937498
b1,b1_c41,8C(15%)-3.6C,기존 방식,OK,1051.0,,938.9821421085697,-10.658216735626095
b1,b1_c42,8C(25%)-3.6C,기존 방식,OK,702.0,,711.338444604224,1.3302627641344782
b1,b1_c43,8C(25%)-3.6C,기존 방식,OK,651.0,,712.2754468378373,9.412511034998051
b1,b1_c44,8C(35%)-3.6C,기존 방식,OK,616.0,,601.456516889615,-2.360955050387168
b1,b1_c45,8C(35%)-3.6C,기존 방식,OK,599.0,,603.3499290389675,0.7261985040012525
b2,b2_c00,5.2C(58%)-4C,기존 방식,OK,477.0,,629.4923849933265,31.969053457720438
b2,b2_c01,5.6C(26%)-4.5C,기존 방식,OK,491.0,,553.028078323216,12.633009841795529
b2,b2_c02,5.2C(50%)-4.25C,기존 방식,OK,424.0,,617.9593430190528,45.745128070531315
b2,b2_c03,4.65C(44%)-5C,기존 방식,OK,499.0,,633.3725425652964,26.92836524354637
b2,b2_c04,4.65C(69%)-6C,기존 방식,OK,444.0,,528.7668251279631,19.09162728107277
b2,b2_c05,3.6C(30%)-6C,기존 방식,OK,416.0,,478.27777159691465,14.970618172335252
b2,b2_c06,3.6C(9%)-5C,기존 방식,OK,393.0,,648.1943302953397,64.93494409550628
b2,b2_c07,4.8C(80%)-4.8C-newstructure,newstructure,OK,777.0,,1047.763841271717,34.84734121901119
b2,b2_c08,5.2C(58%)-4C-newstructure,newstructure,OK,904.0,,959.0578919926859,6.090474777951978
b2,b2_c09,5.6C(26%)-4.5C-newstructure,newstructure,OK,791.0,,1131.826276310272,43.08802481798636
b2,b2_c10,4.8C(80%)-4.8C,기존 방식,OK,492.0,,614.0180730298295,24.80042134752631
b2,b2_c11,5.2C(50%)-4.25C,기존 방식,OK,449.0,,628.6865350606708,40.01927284202023
b2,b2_c12,4.65C(44%)-5C,기존 방식,OK,466.0,,505.9181746650397,8.566131902369037
b2,b2_c13,4.65C(69%)-6C,기존 방식,OK,460.0,,570.8715530529633,24.1025115332529
b2,b2_c14,3.6C(30%)-6C,기존 방식,OK,426.0,,489.0821882672252,14.808025414841596
b2,b2_c15,3.6C(9%)-5C,기존 방식,OK,396.0,,642.1061729364117,62.148023468790825
b2,b2_c16,4.8C(80%)-4.8C,기존 방식,OK,472.0,,632.7823821586377,34.06406401666053
b2,b2_c17,5.6C(26%)-4.5C,기존 방식,OK,471.0,,635.1528996230578,34.85199567368531
b2,b2_c18,5.2C(50%)-4.25C,기존 방식,OK,449.0,,731.8065645937431,62.985871847158826
b2,b2_c19,6C(60%)-3C,기존 방식,OK,392.0,,550.7264600574654,40.491443892210555
b2,b2_c20,5.2C(58%)-4C,기존 방식,OK,489.0,,609.9990450486578,24.744180991545555
b2,b2_c21,6C(60%)-3C,기존 방식,OK,408.0,,563.970917388109,38.228166026497306
b2,b2_c24,4.8C(80%)-4.8C,기존 방식,OK,514.0,,699.2844108974203,36.04755075825298
b2,b2_c25,5.2C(58%)-4C,기존 방식,OK,493.0,,650.1663473493979,31.87958364085151
b2,b2_c26,5.6C(26%)-4.5C,기존 방식,OK,450.0,,524.9972232271604,16.666049606035635
b2,b2_c27,5.2C(50%)-4.25C,기존 방식,OK,474.0,,629.0353498937944,32.707879724429205
b2,b2_c28,4.8C(80%)-4.8C,기존 방식,OK,437.0,,602.573631149393,37.88870278018147
b2,b2_c29,5.2C(58%)-4C,기존 방식,OK,452.0,,638.5982847406655,41.28280635855431
b2,b2_c30,5.6C(26%)-4.5C,기존 방식,OK,412.0,,511.9937259975447,24.270321844064245
b2,b2_c31,5.6C(26%)-4.5C,기존 방식,OK,425.0,,573.9710172871446,35.05200406756344
b2,b2_c32,4.8C(80%)-4.8C-newstructure,newstructure,OK,809.0,,978.313384926198,20.928724959975025
b2,b2_c33,5.2C(58%)-4C-newstructure,newstructure,OK,1140.0,,1047.733886770638,-8.093518704329997
b2,b2_c34,5.6C(26%)-4.5C-newstructure,newstructure,OK,1186.0,,1215.4608206360954,2.484048957512258
b2,b2_c41,5.6C(26%)-4.5C,기존 방식,OK,442.0,,507.4431704651285,14.806147164056222
b2,b2_c42,5.2C(50%)-4.25C,기존 방식,OK,474.0,,627.4804627863008,32.37984446968371
b2,b2_c43,4.8C(80%)-4.8C-newstructure,newstructure,OK,1029.0,,1076.927748697381,4.657701525498644
b2,b2_c44,5.2C(58%)-4C-newstructure,newstructure,OK,841.0,,1147.5029238677582,36.44505634575009
b2,b2_c45,5.6C(26%)-4.5C-newstructure,newstructure,OK,997.0,,1008.0503702862003,1.1083621149649239
b2,b2_c46,4.8C(80%)-4.8C,기존 방식,OK,503.0,,638.8723733153221,27.012400261495443
b3,b3_c00,5C(67%)-4C-newstructure,newstructure,OK,1009.0,,1057.4499955815959,4.801783506600186
b3,b3_c01,5.3C(54%)-4C-newstructure,newstructure,OK,1063.0,,1087.1186120116179,2.268919286135265
b3,b3_c02,5.6C(19%)-4.6C-newstructure,newstructure,OK,1267.0,,1524.2956636753972,20.307471481878235
b3,b3_c03,5.6C(36%)-4.3C-newstructure,newstructure,OK,1115.0,,968.4146961372436,-13.146664023565597
b3,b3_c04,5.6C(19%)-4.6C-newstructure,newstructure,OK,1048.0,,1010.2956997113794,-3.5977385771584567
b3,b3_c05,5.6C(36%)-4.3C-newstructure,newstructure,OK,828.0,,966.9683129681318,16.783612677310607
b3,b3_c06,3.7C(31%)-5.9C-newstructure,newstructure,OK,667.0,,646.2755121776956,-3.1071196135388837
b3,b3_c07,4.8C(80%)-4.8C-newstructure,newstructure,OK,1836.0,,1249.3311065015441,-31.953643436735067
b3,b3_c08,5C(67%)-4C-newstructure,newstructure,OK,828.0,,952.1128578793731,14.98947558929627
b3,b3_c09,5.3C(54%)-4C-newstructure,newstructure,OK,1039.0,,883.360061850618,-14.979782305041581
b3,b3_c10,4.8C(80%)-4.8C-newstructure,newstructure,OK,1078.0,,1184.8807595538076,9.914727231336512
b3,b3_c11,5.6C(19%)-4.6C-newstructure,newstructure,OK,817.0,,826.4051396164091,1.1511798796094355
b3,b3_c12,5.6C(36%)-4.3C-newstructure,newstructure,OK,932.0,,862.1510974290787,-7.494517443231896
b3,b3_c13,5.6C(19%)-4.6C-newstructure,newstructure,OK,816.0,,953.8496407762849,16.89333833042707
b3,b3_c14,5.6C(36%)-4.3C-newstructure,newstructure,OK,858.0,,893.9251934091576,4.187085478922797
b3,b3_c15,5.9C(15%)-4.6C-newstructure,newstructure,OK,876.0,,894.5474810303276,2.1172923550602305
b3,b3_c16,4.8C(80%)-4.8C-newstructure,newstructure,OK,1638.0,,1438.2773722409383,-12.193078617769332
b3,b3_c17,5.3C(54%)-4C-newstructure,newstructure,OK,1315.0,,1208.1024162120684,-8.129093824177307
b3,b3_c18,5.6C(19%)-4.6C-newstructure,newstructure,OK,1146.0,,1063.938153629553,-7.1607195785730395
b3,b3_c19,5.6C(36%)-4.3C-newstructure,newstructure,OK,1155.0,,1005.7946446652923,-12.918212583091579
b3,b3_c20,5C(67%)-4C-newstructure,newstructure,OK,813.0,,935.6658444157771,15.088049743638019
b3,b3_c21,3.7C(31%)-5.9C-newstructure,newstructure,OK,772.0,,730.3174474388908,-5.399294373200676
b3,b3_c22,5.9C(60%)-3.1C-newstructure,newstructure,OK,1002.0,,923.2468069362242,-7.859600106165251
b3,b3_c23,4.8C(80%)-4.8C-newstructure,newstructure,CENSORED,,2189.0,1297.2999084634605,
b3,b3_c24,5C(67%)-4C-newstructure,newstructure,OK,825.0,,994.3726681971792,20.530020387536876
b3,b3_c25,5.3C(54%)-4C-newstructure,newstructure,OK,989.0,,988.4730447754498,-0.05328162027807813
b3,b3_c26,5.6C(19%)-4.6C-newstructure,newstructure,OK,1028.0,,1039.077824810837,1.0776094173965955
b3,b3_c27,5.6C(36%)-4.3C-newstructure,newstructure,OK,850.0,,977.4206564279021,14.990665462106135
b3,b3_c28,3.7C(31%)-5.9C-newstructure,newstructure,OK,541.0,,614.336618384347,13.555752011894093
b3,b3_c29,5.9C(15%)-4.6C-newstructure,newstructure,OK,858.0,,933.8945000360486,8.845512824714291
b3,b3_c30,5.3C(54%)-4C-newstructure,newstructure,OK,935.0,,957.6168727602499,2.418916872753996
b3,b3_c31,5.9C(60%)-3.1C-newstructure,newstructure,OK,731.0,,801.1655877581328,9.598575616707633
b3,b3_c32,4.8C(80%)-4.8C-newstructure,newstructure,CENSORED,,2237.0,1417.596609196913,
b3,b3_c33,5C(67%)-4C-newstructure,newstructure,OK,1284.0,,1172.4110703419353,-8.69072660888354
b3,b3_c34,5.3C(54%)-4C-newstructure,newstructure,OK,1158.0,,1102.1903552401718,-4.819485730555111
b3,b3_c35,5.6C(19%)-4.6C-newstructure,newstructure,OK,1093.0,,1050.0526915403825,-3.9293054400381964
b3,b3_c36,5.6C(36%)-4.3C-newstructure,newstructure,OK,923.0,,1063.5056319241667,15.222712017786206
b3,b3_c37,4.8C(80%)-4.8C-newstructure,newstructure,OK,1390.0,,1896.8481740568168,36.46389741415948
b3,b3_c38,5C(67%)-4C-newstructure,newstructure,OK,1935.0,,1129.9897661113605,-41.60259606659636
b3,b3_c39,5.3C(54%)-4C-newstructure,newstructure,OK,1156.0,,1220.5042202225643,5.579949846242586
b3,b3_c40,5.6C(19%)-4.6C-newstructure,newstructure,OK,796.0,,1094.2593730447495,37.46977048300873
b3,b3_c41,5.6C(36%)-4.3C-newstructure,newstructure,OK,786.0,,1039.0792164981278,32.19837360027072
b3,b3_c42,4.8C(80%)-4.8C-newstructure,newstructure,OK,1642.0,,1133.1974916130323,-30.98675446936466
b3,b3_c43,5C(67%)-4C-newstructure,newstructure,OK,1046.0,,1110.5871509581386,6.174679823913828
b3,b3_c44,5.3C(54%)-4C-newstructure,newstructure,OK,940.0,,978.333049274844,4.077983965408939
b3,b3_c45,4.8C(80%)-4.8C-newstructure,newstructure,OK,1801.0,,1277.09078660075,-29.089906351985
